,R2,RMSE,MAE,sMAPE
train,0.8855273696052077,94.48372332208702,44.31215227116742,70.22479680079886
valid,0.9210693090065832,82.03560864362153,43.438934531924005,68.55222694794358
test,0.8347780120242967,122.22021046984337,54.779438858676876,69.35893831708603
